{
  "8o_ano": {
    "CN": {
      "1": 46.678973981728205,
      "2": 69.4632721334449,
      "3": 65.86508665190675,
      "4": 70.91678955075544,
      "5": 66.53991576071759,
      "6": 63.01394991913053,
      "7": 65.87446221308106,
      "8": 65.09943698366169,
      "9": 58.572422121904665,
      "10": 56.64712729946917,
      "11": 67.0048361568908,
      "12": 54.675384526627795,
      "13": 56.979097775309214,
      "14": 61.53494438185606,
      "15": 61.77565245899123,
      "16": 69.62213083296056,
      "17": 69.0988235676759,
      "18": 69.51995435924461,
      "19": 76.7164306031288,
      "20": 69.47619379824974,
      "21": 71.4524899407622,
      "22": 62.17604344823613,
      "23": 70.02183088654247,
      "24": 72.02377512846815,
      "25": 44.714882265585715,
      "26": 70.25487619633975,
      "27": 57.263422812823215
    },
    "LP": {
      "1": 73.57701880886697,
      "2": 64.53813562896086,
      "3": 47.7080117829934,
      "4": 60.668238331666174,
      "5": 65.38788405432912,
      "6": 57.07474941509797,
      "7": 66.97914045284755,
      "8": 73.5634687281323,
      "9": 81.19129744078599,
      "10": 64.84642149505025,
      "11": 58.634592101862104,
      "12": 60.38879002092302,
      "13": 70.18686301976115,
      "14": 72.35667809759522,
      "15": 48.95621028357182,
      "16": 76.97169646624697,
      "17": 83.26180917346446,
      "18": 52.12933397580302,
      "19": 57.631033678637195,
      "20": 78.3732784115192,
      "21": 66.20745443350201,
      "22": 51.482524967617636,
      "23": 69.03852078406227,
      "24": 50.766671325038004,
      "25": 42.72064489354761,
      "26": 60.87207676284599
    },
    "MAT": {
      "1": 71.77429529635843,
      "2": 59.77969691348688,
      "3": 76.62426429093145,
      "4": 55.82059488663068,
      "5": 48.28655761606414,
      "6": 55.27619789154414,
      "7": 41.075349120645114,
      "8": 70.58430616622258,
      "9": 53.363245054008466,
      "10": 55.178145345430444,
      "11": 58.300281148803755,
      "12": 76.91686629460247,
      "13": 72.4922853009827,
      "14": 68.94924677077022,
      "15": 45.71911511203348,
      "16": 65.39293808125538,
      "17": 62.49979311064653,
      "18": 66.65444048212022,
      "19": 75.15671794448787,
      "20": 73.5938774609646,
      "21": 42.80646020657549,
      "22": 62.14412730312711,
      "23": 62.19612928683954,
      "24": 67.55878633997602,
      "25": 68.8293909059609,
      "26": 65.3548762266482
    }
  },
  "2o_ano": {
    "LP": {
      "1": 50.35054954862104,
      "2": 59.91720431252239,
      "3": 64.32809818960258,
      "4": 63.12657848472484,
      "5": 61.81077625605504,
      "6": 65.28336744615554,
      "7": 61.800416166481405,
      "8": 61.16753038799817,
      "9": 64.92326314774834,
      "10": 75.79606434923225,
      "11": 67.4951515591956,
      "12": 63.93511970772191,
      "13": 60.39330510754333,
      "14": 61.60755852121719,
      "15": 62.90890547249836,
      "16": 64.3839416186028,
      "17": 61.54710777871346,
      "18": 49.9205296882467,
      "19": 64.24320041257214,
      "20": 62.52080231984403,
      "21": 69.23289231831082,
      "22": 50.29391650139405
    },
    "MAT": {
      "1": 64.74599364458786,
      "2": 62.80770469923057,
      "3": 63.47662095103502,
      "4": 57.299898009500126,
      "5": 65.06258947847992,
      "6": 70.3136248500945,
      "7": 61.678682692726994,
      "8": 66.52855641462716,
      "9": 51.61864755083283,
      "10": 69.42536966950819,
      "11": 67.11343060355401,
      "12": 67.32224366215034,
      "13": 67.44746613388105,
      "14": 81.7329872964951,
      "15": 65.83612372218776,
      "16": 58.43157958045287,
      "17": 76.61954637229591,
      "18": 69.0441901891961,
      "19": 60.91421291490456,
      "20": 66.53493698874095,
      "21": 71.0960614928221,
      "22": 75.08657494649547
    }
  },
  "4o_ano": {
    "MAT": {
      "1": 43.507217240249155,
      "2": 57.24138319974243,
      "3": 65.61672286981816,
      "4": 67.72163335927281,
      "5": 78.01688748341883,
      "6": 56.34268772367797,
      "7": 59.05416185514102,
      "8": 59.644417978160796,
      "9": 49.15384526130487,
      "10": 66.42034966079048,
      "11": 57.24036435780366,
      "12": 52.240471544608546,
      "13": 69.40616821861299,
      "14": 61.76904728307058,
      "15": 49.15287704101983,
      "16": 64.03525708634142,
      "17": 71.07112584873967,
      "18": 53.78814565081152,
      "19": 42.24307270788497,
      "20": 57.78996611405972,
      "21": 64.73673024283516,
      "22": 63.36183226639297
    },
    "LP": {
      "1": 65.61090687821604,
      "2": 75.55835477682298,
      "3": 70.1908729212773,
      "4": 45.93605474534328,
      "5": 49.532600914147984,
      "6": 67.02019211573753,
      "7": 63.66272023115989,
      "8": 69.976415274585,
      "9": 48.30532157908038,
      "10": 67.4298363457667,
      "11": 47.30535834577866,
      "12": 62.041728154284385,
      "13": 60.01258634277677,
      "14": 76.97770836187198,
      "15": 65.73778746136647,
      "16": 76.20357275447482,
      "17": 76.3115286010811,
      "18": 53.41672274401457,
      "19": 60.56905945774103,
      "20": 64.08466514062826,
      "21": 69.1026727321889,
      "22": 72.35637327558898
    }
  },
  "1o_ano": {
    "MAT": {
      "1": 68.36099980680088,
      "2": 73.17807183498314,
      "3": 61.598248873908354,
      "4": 52.4000138414641,
      "5": 73.48665655506191,
      "6": 70.08358437295372,
      "7": 69.43169627522362,
      "8": 65.54188485082699,
      "9": 61.5176563094938,
      "10": 65.71777267331103,
      "11": 60.83081972695786,
      "12": 56.15164495863796,
      "13": 56.34199534706628,
      "14": 69.9815129293338,
      "15": 56.17977296228456,
      "16": 51.98647229806451,
      "17": 68.14727607876745,
      "18": 58.101860985199096,
      "19": 64.79151683082642,
      "20": 68.65531756408706,
      "21": 64.87227809894115,
      "22": 68.95541744781718
    },
    "LP": {
      "1": 73.43737546077845,
      "2": 64.62044614628878,
      "3": 76.5464066247779,
      "4": 66.85851444405091,
      "5": 67.6479437963465,
      "6": 66.37025768417485,
      "7": 67.0371528798785,
      "8": 59.433026674833336,
      "9": 57.33454048473526,
      "10": 56.55939115613469,
      "11": 65.69246489347019,
      "12": 67.03143052149811,
      "13": 75.52616230542088,
      "14": 53.75182950691088,
      "15": 65.76093583609816,
      "16": 74.06206294413258,
      "17": 63.99174785975184,
      "18": 69.77885466380272,
      "19": 47.65257106494545,
      "20": 58.28434254801777,
      "21": 68.06426097789408,
      "22": 69.5896611625562
    }
  },
  "6o_ano": {
    "CN": {
      "1": 66.46749303122719,
      "2": 67.16502100905166,
      "3": 57.3534506735344,
      "4": 65.3367112417911,
      "5": 58.97222093942584,
      "6": 82.08470467217295,
      "7": 64.88121480358457,
      "8": 64.574754211618,
      "9": 58.618506621989894,
      "10": 51.48433594303828,
      "11": 68.8163310440672,
      "12": 49.517743522279794,
      "13": 42.09022625268421,
      "14": 49.68570022530822,
      "15": 57.575515512169325,
      "16": 54.820357862682506,
      "17": 57.141248972560646,
      "18": 82.85474625944974,
      "19": 59.00585703464927,
      "20": 43.7037362493817,
      "21": 79.64455118923156,
      "22": 69.98474756110016,
      "23": 70.50189409170376,
      "24": 63.47816018302755,
      "25": 62.71500476200799,
      "26": 70.62902095332562,
      "27": 52.533661785589906
    },
    "LP": {
      "1": 54.43470538968918,
      "2": 50.42011054679247,
      "3": 79.89418057477717,
      "4": 42.507441486201145,
      "5": 69.22957981318599,
      "6": 74.86369619942748,
      "7": 54.22936766368282,
      "8": 60.04084801568711,
      "9": 69.88837707161706,
      "10": 57.74453684137333,
      "11": 67.08897153874477,
      "12": 76.40147798308324,
      "13": 64.50873989542004,
      "14": 64.37992871462208,